{
    "loss": 0.2213025540113449,
    "accuracy": 0.9370446001763587,
    "precision": 0.7688684091271918,
    "recall": 0.6893849315537756,
    "f1_score": 0.7198973616195095
}