{
    "loss": 0.37023448944091797,
    "accuracy": 0.911936696523878,
    "precision": 0.737844971189588,
    "recall": 0.630548715798862,
    "f1_score": 0.6746068980712838
}