{
    "loss": 0.7463269829750061,
    "accuracy": 0.8118067480391702,
    "precision": 0.18317900380490332,
    "recall": 0.1314975199040681,
    "f1_score": 0.13301491493240258
}