{
    "loss": 0.5876132249832153,
    "accuracy": 0.8348958091613682,
    "precision": 0.4031951311020084,
    "recall": 0.20338196237942624,
    "f1_score": 0.2068090838374779
}